1761999523.4603255,-83,gr1,12
1761999523.4985702,-91,gr1,12
1761999523.5067825,-78,gr1,12
1761999523.5279298,-84,gr1,12
1761999523.5541558,-92,gr1,12
1761999523.6633215,-83,gr1,12
1761999523.721167,-67,gr1,12
1761999523.7537427,-94,gr1,12
1761999523.7978702,-82,gr1,12
1761999523.816755,-79,gr1,12
1761999523.8418276,-77,gr1,12
1761999523.8640823,-83,gr1,12
1761999523.883041,-78,gr1,12
1761999523.904132,-83,gr1,12
1761999523.9268556,-90,gr1,12
1761999523.9454818,-78,gr1,12
1761999524.0341573,-83,gr1,12
1761999524.098582,-89,gr1,12
1761999524.148243,-84,gr1,12
1761999524.2518177,-79,gr1,12
1761999524.2728908,-82,gr1,12
1761999524.3205078,-79,gr1,12
1761999524.3649662,-90,gr1,12
1761999524.3874855,-78,gr1,12
1761999524.4104156,-82,gr1,12
1761999524.4841437,-83,gr1,12
1761999524.5083203,-91,gr1,12
1761999524.5250747,-78,gr1,12
1761999524.539189,-83,gr1,12
1761999524.6031737,-91,gr1,12
1761999524.6220756,-78,gr1,12
1761999524.6479228,-83,gr1,12
1761999524.6742563,-93,gr1,12
1761999524.6906266,-78,gr1,12
1761999524.7606325,-78,gr1,12
1761999524.782915,-83,gr1,12
1761999524.825588,-78,gr1,12
1761999524.8491406,-83,gr1,12
1761999524.8724518,-90,gr1,12
1761999524.8880503,-79,gr1,12
1761999524.9568405,-79,gr1,12
1761999524.9813457,-85,gr1,12
1761999525.0303152,-91,gr1,12
1761999525.0446835,-95,gr1,12
1761999525.064436,-78,gr1,12
1761999525.1130352,-83,gr1,12
1761999525.1612487,-81,gr1,12
1761999525.2307038,-78,gr1,12
1761999525.2517908,-83,gr1,12
1761999525.2751925,-94,gr1,12
1761999525.4020226,-78,gr1,12
1761999525.4232574,-83,gr1,12
1761999525.4450955,-89,gr1,12
1761999525.4698124,-78,gr1,12
1761999525.4914684,-83,gr1,12
1761999525.5135744,-92,gr1,12
1761999525.5340111,-79,gr1,12
1761999525.556047,-84,gr1,12
1761999525.586523,-92,gr1,12
1761999525.6205223,-84,gr1,12
1761999525.6682172,-78,gr1,12
1761999525.6918178,-84,gr1,12
1761999525.7349315,-79,gr1,12
1761999525.7573745,-84,gr1,12
1761999525.7884133,-91,gr1,12
1761999525.8020384,-78,gr1,12
1761999525.8280597,-83,gr1,12
1761999525.8523564,-90,gr1,12
1761999525.8693848,-79,gr1,12
1761999525.892913,-83,gr1,12
1761999525.918529,-78,gr1,12
1761999525.9320948,-82,gr1,12
1761999525.9567466,-90,gr1,12
1761999525.9919133,-83,gr1,12
1761999526.0822291,-68,gr1,12
1761999526.1255455,-83,gr1,12
1761999526.2631235,-84,gr1,12
1761999526.3120377,-79,gr1,12
1761999526.3331022,-84,gr1,12
1761999526.3783386,-79,gr1,12
1761999526.4043648,-83,gr1,12
1761999526.4484396,-78,gr1,12
1761999526.5058017,-83,gr1,12
1761999526.5707572,-83,gr1,12
1761999526.6685104,-83,gr1,12
1761999526.70809,-78,gr1,12
1761999526.753367,-78,gr1,12
1761999526.7965248,-91,gr1,12
1761999526.8209884,-68,gr1,12
1761999526.851105,-71,gr1,12
1761999526.8640354,-90,gr1,12
1761999526.9012482,-68,gr1,12
1761999526.9241004,-73,gr1,12
1761999526.9361107,-84,gr1,12
1761999526.9634693,-92,gr1,12
1761999527.0210538,-79,gr1,12
1761999527.0420365,-85,gr1,12
1761999527.1056268,-86,gr1,12
1761999527.1480803,-83,gr1,12
1761999527.1758947,-80,gr1,12
1761999527.2428143,-84,gr1,12
1761999527.308202,-84,gr1,12
1761999527.3306882,-91,gr1,12
1761999527.3864515,-78,gr1,12
1761999527.3947058,-78,gr1,12
1761999527.4196944,-78,gr1,12
1761999527.4422147,-86,gr1,12
1761999527.5170155,-72,gr1,12
1761999527.5772398,-84,gr1,12
1761999527.6220245,-82,gr1,12
1761999527.6258125,-78,gr1,12
1761999527.6512275,-83,gr1,12
1761999527.7239711,-84,gr1,12
1761999527.7571304,-80,gr1,12
1761999527.7838187,-83,gr1,12
1761999527.8309267,-77,gr1,12
1761999527.860717,-71,gr1,12
1761999527.881632,-81,gr1,12
1761999527.8959155,-78,gr1,12
1761999527.9305732,-71,gr1,12
1761999527.9576156,-83,gr1,12
1761999527.999728,-77,gr1,12
1761999528.068692,-67,gr1,12
1761999528.1297488,-78,gr1,12
1761999528.1550717,-84,gr1,12
1761999528.1972342,-79,gr1,12
1761999528.2439344,-78,gr1,12
1761999528.354653,-84,gr1,12
1761999528.3805048,-92,gr1,12
1761999528.42826,-84,gr1,12
1761999528.452709,-92,gr1,12
1761999528.474766,-67,gr1,12
1761999528.4920464,-83,gr1,12
1761999528.5160975,-93,gr1,12
1761999528.5479772,-64,gr1,12
1761999528.5592709,-84,gr1,12
1761999528.6020129,-80,gr1,12
1761999528.6243474,-83,gr1,12
1761999528.6480067,-94,gr1,12
1761999528.6927066,-68,gr1,12
1761999528.7321157,-67,gr1,12
1761999528.7778397,-78,gr1,12
1761999528.798291,-84,gr1,12
1761999528.8191793,-93,gr1,12
1761999528.86214,-84,gr1,12
1761999528.9034495,-84,gr1,12
1761999528.9533317,-68,gr1,12
1761999528.9657931,-85,gr1,12
1761999528.9912,-78,gr1,12
1761999529.0146887,-68,gr1,12
1761999529.0331674,-71,gr1,12
1761999529.0706217,-83,gr1,12
1761999529.1244307,-93,gr1,12
1761999529.1354148,-83,gr1,12
1761999529.1805196,-78,gr1,12
1761999529.1994107,-83,gr1,12
1761999529.2172303,-79,gr1,12
1761999529.2388496,-84,gr1,12
1761999529.2594504,-94,gr1,12
1761999529.2819793,-78,gr1,12
1761999529.3042705,-83,gr1,12
1761999529.3251014,-94,gr1,12
1761999529.3464155,-78,gr1,12
1761999529.369193,-83,gr1,12
1761999529.3917832,-92,gr1,12
1761999529.412033,-78,gr1,12
1761999529.4344285,-84,gr1,12
1761999529.4591384,-94,gr1,12
1761999529.4801803,-78,gr1,12
1761999529.5022037,-83,gr1,12
1761999529.548774,-79,gr1,12
1761999529.6763837,-84,gr1,12
1761999529.7065024,-93,gr1,12
1761999529.7185261,-79,gr1,12
1761999529.7527936,-83,gr1,12
1761999529.789998,-79,gr1,12
1761999529.8135214,-83,gr1,12
1761999529.8531568,-78,gr1,12
1761999529.8797462,-81,gr1,12
1761999529.9032292,-94,gr1,12
1761999529.9211125,-78,gr1,12
1761999529.9462364,-83,gr1,12
1761999529.99067,-78,gr1,12
1761999530.0157683,-83,gr1,12
1761999530.035698,-93,gr1,12
1761999530.0693333,-64,gr1,12
1761999530.111132,-78,gr1,12
1761999530.1413724,-92,gr1,12
1761999530.1833727,-83,gr1,12
1761999530.2248368,-78,gr1,12
1761999530.2476213,-83,gr1,12
1761999530.270627,-94,gr1,12
1761999530.2898304,-78,gr1,12
1761999530.3140185,-83,gr1,12
1761999530.3586488,-79,gr1,12
1761999530.3794336,-83,gr1,12
1761999530.4019547,-79,gr1,12
1761999530.422519,-84,gr1,12
1761999530.4437299,-94,gr1,12
1761999530.4659653,-79,gr1,12
1761999530.5595894,-78,gr1,12
1761999530.6322446,-78,gr1,12
1761999530.6675718,-78,gr1,12
1761999530.7336347,-78,gr1,12
1761999530.776876,-93,gr1,12
1761999530.7987137,-78,gr1,12
1761999530.8248606,-83,gr1,12
1761999530.9025798,-78,gr1,12
1761999530.923883,-83,gr1,12
1761999530.9460406,-92,gr1,12
1761999530.9645596,-78,gr1,12
1761999530.9905934,-84,gr1,12
1761999531.062386,-83,gr1,12
1761999531.092671,-93,gr1,12
1761999531.1070862,-79,gr1,12
1761999531.13042,-83,gr1,12
1761999531.173538,-78,gr1,12
1761999531.1957204,-83,gr1,12
1761999531.260555,-83,gr1,12
1761999531.3976283,-83,gr1,12
1761999531.4386966,-78,gr1,12
1761999531.5403073,-94,gr1,12
1761999531.5449374,-78,gr1,12
1761999531.5984704,-95,gr1,12
1761999531.6333873,-83,gr1,12
1761999531.6671631,-94,gr1,12
1761999531.6772842,-77,gr1,12
1761999531.7055855,-84,gr1,12
1761999531.7237003,-97,gr1,12
1761999531.7435338,-79,gr1,12
1761999531.7650256,-83,gr1,12
1761999531.8134952,-79,gr1,12
1761999531.8346639,-82,gr1,12
1761999531.8995833,-67,gr1,12
1761999531.9184763,-77,gr1,12
1761999531.941409,-82,gr1,12
1761999531.960711,-95,gr1,12
1761999531.9846847,-78,gr1,12
1761999532.0078495,-84,gr1,12
1761999532.033648,-97,gr1,12
1761999532.047556,-78,gr1,12
1761999532.074689,-82,gr1,12
1761999532.138755,-83,gr1,12
1761999532.2213159,-78,gr1,12
1761999532.2424214,-84,gr1,12
1761999532.2813635,-78,gr1,12
1761999532.3226597,-79,gr1,12
1761999532.3460112,-84,gr1,12
1761999532.4185288,-79,gr1,12
1761999532.4416337,-83,gr1,12
1761999532.4845085,-95,gr1,12
1761999532.5044603,-92,gr1,12
1761999532.530603,-95,gr1,12
1761999532.637738,-94,gr1,12
1761999532.6564891,-78,gr1,12
1761999532.6775346,-83,gr1,12
1761999532.7164302,-97,gr1,12
1761999532.7884517,-78,gr1,12
1761999532.8301935,-78,gr1,12
1761999532.8696125,-78,gr1,12
1761999532.9428616,-94,gr1,12
1761999532.9626687,-79,gr1,12
1761999532.9863107,-83,gr1,12
1761999533.0541077,-83,gr1,12
1761999533.0984118,-79,gr1,12
1761999533.119465,-82,gr1,12
1761999533.18468,-82,gr1,12
1761999533.2148132,-94,gr1,12
1761999533.2654407,-78,gr1,12
1761999533.2850966,-82,gr1,12
1761999533.3289008,-78,gr1,12
1761999533.3542297,-83,gr1,12
1761999533.3976443,-78,gr1,12
1761999533.422506,-83,gr1,12
1761999533.464308,-93,gr1,12
1761999533.4695446,-78,gr1,12
1761999533.5328395,-78,gr1,12
1761999533.5555656,-83,gr1,12
1761999533.662866,-83,gr1,12
1761999533.6883478,-83,gr1,12
1761999533.7247064,-95,gr1,12
1761999533.7352173,-79,gr1,12
1761999533.7626872,-82,gr1,12
1761999533.8240883,-79,gr1,12
1761999533.8881052,-94,gr1,12
1761999533.9191601,-82,gr1,12
1761999533.9312675,-78,gr1,12
1761999533.9769304,-92,gr1,12
1761999533.9990954,-78,gr1,12
1761999534.0640206,-78,gr1,12
1761999534.088325,-83,gr1,12
1761999534.1303434,-78,gr1,12
1761999534.1526437,-82,gr1,12
1761999534.1778994,-95,gr1,12
1761999534.1998641,-78,gr1,12
1761999534.2201173,-83,gr1,12
1761999534.2658365,-79,gr1,12
1761999534.287163,-83,gr1,12
1761999534.3299034,-78,gr1,12
1761999534.3513741,-84,gr1,12
1761999534.3941646,-83,gr1,12
1761999534.4156232,-96,gr1,12
1761999534.4393275,-79,gr1,12
1761999534.4899065,-82,gr1,12
1761999534.5710847,-78,gr1,12
1761999534.593088,-83,gr1,12
1761999534.6227722,-92,gr1,12
1761999534.6353703,-78,gr1,12
1761999534.6602957,-83,gr1,12
1761999534.6942182,-93,gr1,12
1761999534.7084033,-78,gr1,12
1761999534.725615,-83,gr1,12
1761999534.8087277,-79,gr1,12
1761999534.8678532,-95,gr1,12
1761999534.8735127,-78,gr1,12
1761999534.8984828,-83,gr1,12
1761999534.9282415,-93,gr1,12
1761999534.9650993,-84,gr1,12
1761999534.9870288,-94,gr1,12
1761999535.0064294,-79,gr1,12
1761999535.030049,-83,gr1,12
1761999535.0965033,-82,gr1,12
1761999535.1326911,-93,gr1,12
1761999535.140422,-79,gr1,12
1761999535.1626573,-83,gr1,12
1761999535.2251048,-94,gr1,12
1761999535.2461832,-77,gr1,12
1761999535.2660685,-83,gr1,12
1761999535.3787634,-82,gr1,12
1761999535.4154208,-78,gr1,12
1761999535.4365523,-82,gr1,12
1761999535.479238,-79,gr1,12
1761999535.5044277,-83,gr1,12
1761999535.5452912,-78,gr1,12
1761999535.5678117,-83,gr1,12
1761999535.6082969,-83,gr1,12
1761999535.6542027,-78,gr1,12
1761999535.717588,-79,gr1,12
1761999535.7436633,-82,gr1,12
1761999535.769085,-93,gr1,12
1761999535.8662302,-78,gr1,12
1761999535.873337,-83,gr1,12
1761999535.9130921,-83,gr1,12
1761999535.9581156,-78,gr1,12
1761999535.9792714,-82,gr1,12
1761999536.0230687,-78,gr1,12
1761999536.0444057,-82,gr1,12
1761999536.083769,-93,gr1,12
1761999536.1163964,-83,gr1,12
1761999536.1486604,-91,gr1,12
1761999536.1732407,-77,gr1,12
1761999536.1818137,-82,gr1,12
1761999536.1996303,-92,gr1,12
1761999536.2242696,-78,gr1,12
1761999536.2761395,-79,gr1,12
1761999536.2830331,-83,gr1,12
1761999536.3253849,-78,gr1,12
1761999536.3476567,-84,gr1,12
1761999536.3904214,-78,gr1,12
1761999536.4815888,-83,gr1,12
1761999536.5532546,-82,gr1,12
1761999536.576356,-92,gr1,12
1761999536.5956273,-78,gr1,12
1761999536.6427095,-91,gr1,12
1761999536.6779566,-78,gr1,12
1761999536.7527368,-68,gr1,12
1761999536.7765014,-92,gr1,12
1761999536.7977893,-78,gr1,12
1761999536.839725,-91,gr1,12
1761999536.887054,-68,gr1,12
1761999536.9038014,-79,gr1,12
1761999536.9471176,-93,gr1,12
1761999537.0160522,-93,gr1,12
1761999537.0701718,-70,gr1,12
1761999537.078524,-77,gr1,12
1761999537.0985405,-78,gr1,12
1761999537.1567442,-68,gr1,12
1761999537.189087,-83,gr1,12
1761999537.2081175,-78,gr1,12
1761999537.2372868,-64,gr1,12
1761999537.3189101,-94,gr1,12
1761999537.3655996,-83,gr1,12
1761999537.4086418,-78,gr1,12
1761999537.4597323,-83,gr1,12
1761999537.5057743,-68,gr1,12
1761999537.5605423,-84,gr1,12
1761999537.5899422,-82,gr1,12
1761999537.6110535,-68,gr1,12
1761999537.6353872,-83,gr1,12
1761999537.6752567,-79,gr1,12
1761999537.7046568,-70,gr1,12
1761999537.8188963,-92,gr1,12
1761999537.8482704,-78,gr1,12
1761999537.8905823,-93,gr1,12
1761999537.9311824,-78,gr1,12
1761999537.9378831,-83,gr1,12
1761999538.0694337,-84,gr1,12
1761999538.1337435,-68,gr1,12
1761999538.1414368,-71,gr1,12
1761999538.2054706,-82,gr1,12
1761999538.262219,-78,gr1,12
1761999538.2685685,-83,gr1,12
1761999538.3156903,-64,gr1,12
1761999538.3544884,-78,gr1,12
1761999538.4290009,-94,gr1,12
1761999538.4470491,-78,gr1,12
1761999538.5176032,-67,gr1,12
1761999538.5351977,-91,gr1,12
1761999538.5747685,-94,gr1,12
1761999538.6067228,-83,gr1,12
1761999538.6268485,-94,gr1,12
1761999538.6469903,-83,gr1,12
1761999538.6844835,-79,gr1,12
1761999538.6900005,-78,gr1,12
1761999538.7433417,-77,gr1,12
1761999538.7545412,-79,gr1,12
1761999538.778194,-83,gr1,12
1761999538.838392,-64,gr1,12
1761999538.8618128,-79,gr1,12
1761999538.9420238,-94,gr1,12
1761999538.9556875,-78,gr1,12
1761999538.9980175,-92,gr1,12
1761999539.0628726,-78,gr1,12
1761999539.08837,-67,gr1,12
1761999539.104046,-92,gr1,12
1761999539.1260185,-79,gr1,12
1761999539.1975274,-78,gr1,12
1761999539.2291162,-83,gr1,12
1761999539.2428193,-92,gr1,12
1761999539.2679527,-78,gr1,12
1761999539.348353,-78,gr1,12
1761999539.3549545,-84,gr1,12
1761999539.4231946,-83,gr1,12
1761999539.4435077,-93,gr1,12
1761999539.4646173,-80,gr1,12
1761999539.4933968,-66,gr1,12
1761999539.507521,-91,gr1,12
1761999539.5598924,-94,gr1,12
1761999539.5695426,-79,gr1,12
1761999539.5933907,-82,gr1,12
1761999539.6441839,-78,gr1,12
1761999539.6570618,-82,gr1,12
1761999539.6779342,-91,gr1,12
1761999539.726314,-82,gr1,12
1761999539.7456565,-93,gr1,12
1761999539.765809,-78,gr1,12
1761999539.8512018,-90,gr1,12
1761999539.87125,-78,gr1,12
1761999539.9125583,-92,gr1,12
1761999539.9558265,-83,gr1,12
1761999539.9983168,-82,gr1,12
1761999540.067141,-79,gr1,12
1761999540.0899906,-82,gr1,12
1761999540.1326532,-81,gr1,12
1761999540.1552513,-91,gr1,12
1761999540.1758971,-77,gr1,12
1761999540.1975582,-82,gr1,12
1761999540.2399504,-91,gr1,12
1761999540.274886,-81,gr1,12
1761999540.331272,-83,gr1,12
1761999540.355711,-92,gr1,12
1761999540.3849878,-78,gr1,12
1761999540.4023895,-70,gr1,12
1761999540.418227,-93,gr1,12
1761999540.4620638,-80,gr1,12
1761999540.5252903,-93,gr1,12
1761999540.5472133,-78,gr1,12
1761999540.6152985,-78,gr1,12
1761999540.649607,-82,gr1,12
1761999540.6800947,-79,gr1,12
1761999540.7018673,-82,gr1,12
1761999540.7244947,-93,gr1,12
1761999540.7545419,-78,gr1,12
1761999540.8003268,-92,gr1,12
1761999540.8160193,-78,gr1,12
1761999540.8603945,-92,gr1,12
1761999540.8801956,-78,gr1,12
1761999540.903003,-81,gr1,12
1761999540.9480379,-78,gr1,12
1761999540.967271,-82,gr1,12
1761999540.9859817,-77,gr1,12
1761999541.0329692,-92,gr1,12
1761999541.0575888,-93,gr1,12
1761999541.0833766,-82,gr1,12
1761999541.1059182,-91,gr1,12
1761999541.14428,-82,gr1,12
1761999541.185584,-77,gr1,12
1761999541.2060454,-82,gr1,12
1761999541.2489228,-78,gr1,12
1761999541.275128,-81,gr1,12
1761999541.2988877,-94,gr1,12
1761999541.3499072,-81,gr1,12
1761999541.3643146,-92,gr1,12
1761999541.385651,-77,gr1,12
1761999541.407271,-81,gr1,12
1761999541.4258008,-77,gr1,12
1761999541.4748251,-81,gr1,12
1761999541.50195,-78,gr1,12
1761999541.5865333,-82,gr1,12
1761999541.6167483,-82,gr1,12
1761999541.6651309,-77,gr1,12
1761999541.7249014,-78,gr1,12
1761999541.7484245,-82,gr1,12
1761999541.7689552,-93,gr1,12
1761999541.8541694,-83,gr1,12
1761999541.918286,-81,gr1,12
1761999541.9556706,-79,gr1,12
1761999541.9732215,-78,gr1,12
1761999541.9846642,-82,gr1,12
1761999542.0191803,-91,gr1,12
1761999542.0385387,-78,gr1,12
1761999542.0727441,-89,gr1,12
1761999542.1197412,-82,gr1,12
1761999542.153331,-80,gr1,12
1761999542.1648366,-78,gr1,12
1761999542.1854584,-82,gr1,12
1761999542.2108274,-90,gr1,12
1761999542.2323976,-79,gr1,12
1761999542.2552202,-82,gr1,12
1761999542.2970362,-78,gr1,12
1761999542.319724,-84,gr1,12
1761999542.3677342,-78,gr1,12
1761999542.4314756,-92,gr1,12
1761999542.438217,-79,gr1,12
1761999542.4594233,-83,gr1,12
1761999542.4781814,-90,gr1,12
1761999542.4971473,-79,gr1,12
1761999542.5283074,-91,gr1,12
1761999542.539614,-79,gr1,12
1761999542.696607,-83,gr1,12
1761999542.735038,-78,gr1,12
1761999542.7750444,-78,gr1,12
1761999542.8000562,-82,gr1,12
1761999542.818219,-91,gr1,12
1761999542.8425262,-79,gr1,12
1761999542.86329,-83,gr1,12
1761999542.8839533,-90,gr1,12
1761999542.968501,-82,gr1,12
1761999542.9885778,-90,gr1,12
1761999543.0111651,-78,gr1,12
1761999543.032923,-83,gr1,12
1761999543.0531096,-90,gr1,12
1761999543.0773685,-78,gr1,12
1761999543.1012177,-83,gr1,12
1761999543.1219463,-91,gr1,12
1761999543.164071,-83,gr1,12
1761999543.1896243,-89,gr1,12
1761999543.2126071,-79,gr1,12
1761999543.2353022,-82,gr1,12
1761999543.27504,-78,gr1,12
1761999543.3033602,-81,gr1,12
1761999543.3464222,-78,gr1,12
1761999543.3940468,-91,gr1,12
1761999543.413877,-79,gr1,12
1761999543.443903,-82,gr1,12
1761999543.4811652,-78,gr1,12
1761999543.5066075,-82,gr1,12
1761999543.5306041,-91,gr1,12
1761999543.5500164,-78,gr1,12
1761999543.5930867,-93,gr1,12
1761999543.6166322,-78,gr1,12
1761999543.6398427,-83,gr1,12
1761999543.6625934,-91,gr1,12
1761999543.686746,-79,gr1,12
1761999543.8156643,-90,gr1,12
1761999543.820394,-79,gr1,12
1761999543.8514378,-82,gr1,12
1761999543.865655,-90,gr1,12
1761999543.8875477,-79,gr1,12
1761999543.909098,-82,gr1,12
1761999543.9723957,-82,gr1,12
1761999544.017394,-78,gr1,12
1761999544.0780454,-90,gr1,12
1761999544.0882204,-67,gr1,12
1761999544.1086361,-84,gr1,12
1761999544.132427,-90,gr1,12
1761999544.1712344,-79,gr1,12
1761999544.1939049,-79,gr1,12
1761999544.2148654,-83,gr1,12
1761999544.2468226,-90,gr1,12
1761999544.279899,-82,gr1,12
1761999544.299332,-92,gr1,12
1761999544.3212051,-79,gr1,12
1761999544.3431087,-82,gr1,12
1761999544.3856118,-83,gr1,12
1761999544.4243264,-90,gr1,12
1761999544.4289315,-78,gr1,12
1761999544.4761086,-89,gr1,12
1761999544.4974103,-69,gr1,12
1761999544.5161574,-82,gr1,12
1761999544.5357454,-90,gr1,12
1761999544.5811338,-82,gr1,12
1761999544.6242545,-78,gr1,12
1761999544.649956,-82,gr1,12
1761999544.695123,-78,gr1,12
1761999544.7199612,-82,gr1,12
1761999544.739226,-89,gr1,12
1761999544.7635117,-79,gr1,12
1761999544.786032,-82,gr1,12
1761999544.8542576,-82,gr1,12
1761999544.8750434,-91,gr1,12
1761999544.8975363,-78,gr1,12
1761999544.9223888,-82,gr1,12
1761999544.9673555,-92,gr1,12
1761999544.9906523,-83,gr1,12
1761999545.031376,-81,gr1,12
1761999545.0357382,-79,gr1,12
1761999545.0847344,-93,gr1,12
1761999545.1003168,-64,gr1,12
1761999545.1188376,-82,gr1,12
1761999545.137314,-78,gr1,12
1761999545.1585147,-82,gr1,12
1761999545.2023606,-79,gr1,12
1761999545.2285058,-82,gr1,12
1761999545.2740586,-78,gr1,12
1761999545.2950895,-82,gr1,12
1761999545.3324337,-93,gr1,12
1761999545.337773,-78,gr1,12
1761999545.3612022,-82,gr1,12
1761999545.3808837,-94,gr1,12
1761999545.404005,-78,gr1,12
1761999545.4275568,-83,gr1,12
1761999545.4689915,-79,gr1,12
1761999545.4900482,-81,gr1,12
1761999545.555805,-93,gr1,12
1761999545.5825872,-79,gr1,12
1761999545.5987937,-83,gr1,12
1761999545.6378617,-79,gr1,12
1761999545.6773024,-80,gr1,12
1761999545.7428706,-79,gr1,12
1761999545.78601,-94,gr1,12
1761999545.8080683,-79,gr1,12
1761999545.841602,-70,gr1,12
1761999545.8740442,-79,gr1,12
1761999545.8954217,-83,gr1,12
1761999545.9811292,-78,gr1,12
1761999546.0022593,-82,gr1,12
1761999546.045113,-79,gr1,12
1761999546.0680938,-82,gr1,12
1761999546.0925224,-91,gr1,12
1761999546.1127207,-79,gr1,12
1761999546.1338692,-83,gr1,12
1761999546.2404683,-83,gr1,12
1761999546.313291,-79,gr1,12
1761999546.3364205,-83,gr1,12
1761999546.3764248,-85,gr1,12
1761999546.4168792,-93,gr1,12
1761999546.4208627,-79,gr1,12
1761999546.4505048,-68,gr1,12
1761999546.4880219,-78,gr1,12
1761999546.536397,-82,gr1,12
1761999546.6228504,-78,gr1,12
1761999546.646041,-83,gr1,12
1761999546.666429,-91,gr1,12
1761999546.7666664,-68,gr1,12
1761999546.7744403,-83,gr1,12
1761999546.7973092,-92,gr1,12
1761999546.8438423,-84,gr1,12
1761999546.887263,-80,gr1,12
1761999546.9099715,-84,gr1,12
1761999546.9526806,-79,gr1,12
1761999546.9958622,-80,gr1,12
1761999547.0449452,-79,gr1,12
1761999547.059899,-80,gr1,12
1761999547.0804088,-83,gr1,12
1761999547.1415877,-68,gr1,12
1761999547.1613832,-70,gr1,12
1761999547.2291098,-79,gr1,12
1761999547.2540913,-83,gr1,12
1761999547.293037,-79,gr1,12
1761999547.3141723,-83,gr1,12
1761999547.357985,-79,gr1,12
1761999547.4633396,-67,gr1,12
1761999547.4832845,-68,gr1,12
1761999547.4921165,-83,gr1,12
1761999547.5332916,-79,gr1,12
1761999547.5710585,-68,gr1,12
1761999547.5992136,-80,gr1,12
1761999547.631212,-71,gr1,12
1761999547.640426,-93,gr1,12
1761999547.6629105,-66,gr1,12
1761999547.7265851,-83,gr1,12
1761999547.7631974,-94,gr1,12
1761999547.7887957,-68,gr1,12
1761999547.7959332,-82,gr1,12
1761999547.814229,-93,gr1,12
1761999547.8375533,-79,gr1,12
1761999547.9015484,-79,gr1,12
1761999547.925576,-82,gr1,12
1761999548.0028265,-70,gr1,12
1761999548.0149868,-92,gr1,12
1761999548.034236,-79,gr1,12
1761999548.109244,-68,gr1,12
1761999548.122771,-83,gr1,12
1761999548.1643596,-90,gr1,12
1761999548.1700954,-80,gr1,12
1761999548.1938417,-83,gr1,12
1761999548.2403443,-80,gr1,12
1761999548.2622392,-83,gr1,12
1761999548.281152,-91,gr1,12
1761999548.32655,-83,gr1,12
1761999548.345448,-80,gr1,12
1761999548.3670714,-83,gr1,12
1761999548.3878956,-91,gr1,12
1761999548.4100294,-80,gr1,12
1761999548.4905882,-70,gr1,12
1761999548.5179238,-79,gr1,12
1761999548.5362813,-82,gr1,12
1761999548.5771008,-79,gr1,12
1761999548.6031215,-71,gr1,12
1761999548.6426551,-80,gr1,12
1761999548.7121935,-69,gr1,12
1761999548.7373152,-84,gr1,12
1761999548.7609587,-83,gr1,12
1761999548.7779388,-79,gr1,12
1761999548.8081782,-71,gr1,12
1761999548.8590984,-96,gr1,12
1761999548.8728044,-84,gr1,12
1761999548.9182026,-79,gr1,12
1761999548.9673305,-84,gr1,12
1761999549.036923,-84,gr1,12
1761999549.0544124,-80,gr1,12
1761999549.098653,-94,gr1,12
1761999549.1217828,-80,gr1,12
1761999549.1727014,-94,gr1,12
1761999549.186863,-81,gr1,12
1761999549.2378404,-83,gr1,12
1761999549.256899,-79,gr1,12
1761999549.280629,-83,gr1,12
1761999549.3004615,-92,gr1,12
1761999549.3214865,-79,gr1,12
1761999549.3444219,-83,gr1,12
1761999549.3878264,-78,gr1,12
1761999549.4085855,-84,gr1,12
1761999549.474282,-82,gr1,12
1761999549.515136,-83,gr1,12
1761999549.538962,-92,gr1,12
1761999549.6479084,-83,gr1,12
1761999549.6652467,-79,gr1,12
1761999549.7109473,-82,gr1,12
1761999549.7366753,-90,gr1,12
1761999549.7803197,-83,gr1,12
1761999549.8193016,-83,gr1,12
1761999549.8442643,-83,gr1,12
1761999549.8689342,-91,gr1,12
1761999549.8907135,-79,gr1,12
1761999549.9174187,-82,gr1,12
1761999549.940251,-90,gr1,12
1761999549.9620106,-79,gr1,12
1761999549.9839225,-82,gr1,12
1761999550.0325038,-79,gr1,12
1761999550.054141,-83,gr1,12
1761999550.074886,-90,gr1,12
1761999550.09426,-78,gr1,12
1761999550.1210163,-83,gr1,12
1761999550.1605308,-78,gr1,12
1761999550.180042,-88,gr1,12
1761999550.2243297,-84,gr1,12
1761999550.2898173,-83,gr1,12
1761999550.344806,-79,gr1,12
1761999550.3554463,-83,gr1,12
1761999550.37564,-89,gr1,12
1761999550.4141014,-90,gr1,12
1761999550.4349456,-79,gr1,12
1761999550.4557145,-83,gr1,12
1761999550.4791007,-88,gr1,12
1761999550.4974594,-79,gr1,12
1761999550.5347793,-89,gr1,12
1761999550.5412436,-79,gr1,12
1761999550.5848556,-89,gr1,12
1761999550.60584,-79,gr1,12
1761999550.6269276,-82,gr1,12
1761999550.6568985,-89,gr1,12
1761999550.6707993,-79,gr1,12
1761999550.695666,-82,gr1,12
1761999550.7592971,-82,gr1,12
1761999550.7827556,-88,gr1,12
1761999550.8058126,-79,gr1,12
1761999550.8276575,-83,gr1,12
1761999550.891912,-82,gr1,12
1761999550.9591208,-88,gr1,12
1761999550.973269,-79,gr1,12
1761999550.9974916,-82,gr1,12
1761999551.016536,-88,gr1,12
1761999551.0409274,-79,gr1,12
1761999551.090358,-88,gr1,12
1761999551.1620297,-83,gr1,12
1761999551.2026134,-83,gr1,12
1761999551.2286093,-87,gr1,12
1761999551.2658808,-83,gr1,12
1761999551.2883222,-88,gr1,12
1761999551.308143,-80,gr1,12
1761999551.3294337,-83,gr1,12
1761999551.3951008,-90,gr1,12
1761999551.4170535,-79,gr1,12
1761999551.474738,-74,gr1,12
1761999551.4816356,-79,gr1,12
1761999551.5028582,-82,gr1,12
1761999551.5233161,-88,gr1,12
1761999551.5454755,-79,gr1,12
1761999551.5715282,-83,gr1,12
1761999551.596642,-88,gr1,12
1761999551.6120965,-79,gr1,12
1761999551.6485205,-83,gr1,12
1761999551.697438,-88,gr1,12
1761999551.717494,-79,gr1,12
1761999551.7607806,-83,gr1,12
1761999551.7821798,-79,gr1,12
1761999551.8053799,-83,gr1,12
1761999551.8516073,-79,gr1,12
1761999551.8830686,-71,gr1,12
1761999551.9369102,-82,gr1,12
1761999552.0042446,-82,gr1,12
1761999552.0389254,-80,gr1,12
1761999552.0472276,-82,gr1,12
1761999552.0685358,-89,gr1,12
1761999552.0920172,-79,gr1,12
1761999552.1313574,-83,gr1,12
1761999552.1585627,-79,gr1,12
1761999552.2007253,-90,gr1,12
1761999552.2223241,-81,gr1,12
1761999552.2447777,-82,gr1,12
1761999552.2642872,-91,gr1,12
1761999552.3081992,-83,gr1,12
1761999552.4063945,-89,gr1,12
1761999552.422292,-78,gr1,12
1761999552.4457512,-82,gr1,12
1761999552.4630089,-78,gr1,12
1761999552.4835176,-83,gr1,12
1761999552.5244627,-79,gr1,12
1761999552.549804,-83,gr1,12
1761999552.5854242,-91,gr1,12
1761999552.6133308,-82,gr1,12
1761999552.633808,-79,gr1,12
1761999552.6987698,-79,gr1,12
1761999552.719737,-83,gr1,12
1761999552.739445,-89,gr1,12
1761999552.7613933,-79,gr1,12
1761999552.7846165,-83,gr1,12
1761999552.8067877,-89,gr1,12
1761999552.848477,-82,gr1,12
1761999552.8674264,-78,gr1,12
1761999552.8908548,-84,gr1,12
1761999552.9103014,-89,gr1,12
1761999552.9297504,-78,gr1,12
1761999552.952545,-83,gr1,12
1761999552.9696424,-79,gr1,12
1761999553.0187566,-68,gr1,12
1761999553.034803,-78,gr1,12
1761999553.079475,-88,gr1,12
1761999553.1201394,-78,gr1,12
1761999553.1652193,-78,gr1,12
1761999553.1885226,-82,gr1,12
1761999553.2323327,-78,gr1,12
1761999553.2584856,-82,gr1,12
1761999553.351768,-87,gr1,12
1761999553.3933878,-83,gr1,12
1761999553.417364,-88,gr1,12
1761999553.4361534,-79,gr1,12
1761999553.4584043,-83,gr1,12
1761999553.543824,-79,gr1,12
1761999553.5972028,-89,gr1,12
1761999553.611515,-80,gr1,12
1761999553.6320589,-81,gr1,12
1761999553.651647,-88,gr1,12
1761999553.6721022,-80,gr1,12
1761999553.6931107,-81,gr1,12
1761999553.7127817,-78,gr1,12
1761999553.7334597,-82,gr1,12
1761999553.7963877,-79,gr1,12
1761999553.8008127,-81,gr1,12
1761999553.8195417,-93,gr1,12
1761999553.8410707,-78,gr1,12
1761999553.866039,-82,gr1,12
1761999553.9112394,-78,gr1,12
1761999553.9567657,-92,gr1,12
1761999553.9984238,-82,gr1,12
1761999554.0233097,-91,gr1,12
1761999554.0411258,-79,gr1,12
1761999554.065254,-83,gr1,12
1761999554.0861583,-91,gr1,12
1761999554.1065202,-83,gr1,12
1761999554.1318722,-83,gr1,12
1761999554.1496415,-79,gr1,12
1761999554.2859054,-79,gr1,12
1761999554.3073406,-83,gr1,12
1761999554.3711307,-82,gr1,12
1761999554.3930302,-92,gr1,12
1761999554.430735,-90,gr1,12
1761999554.5012722,-92,gr1,12
1761999554.525274,-78,gr1,12
1761999554.5428758,-83,gr1,12
1761999554.581274,-79,gr1,12
1761999554.6076536,-83,gr1,12
1761999554.6711617,-84,gr1,12
1761999554.6964078,-91,gr1,12
1761999554.7575881,-79,gr1,12
1761999554.778245,-82,gr1,12
1761999554.797858,-91,gr1,12
1761999554.8171308,-78,gr1,12
1761999554.8444014,-84,gr1,12
1761999554.8912153,-79,gr1,12
1761999554.9148479,-83,gr1,12
1761999554.9574583,-80,gr1,12
1761999555.003387,-90,gr1,12
1761999555.022711,-78,gr1,12
1761999555.0956478,-79,gr1,12
1761999555.115374,-83,gr1,12
1761999555.1550086,-79,gr1,12
1761999555.2461953,-83,gr1,12
1761999555.2856348,-82,gr1,12
1761999555.3242543,-79,gr1,12
1761999555.3487582,-83,gr1,12
1761999555.373237,-92,gr1,12
1761999555.3925884,-79,gr1,12
1761999555.4149582,-83,gr1,12
1761999555.4762747,-92,gr1,12
1761999555.4960349,-80,gr1,12
1761999555.5841813,-83,gr1,12
1761999555.667565,-80,gr1,12
1761999555.7326388,-80,gr1,12
1761999555.7541947,-83,gr1,12
1761999555.797178,-80,gr1,12
1761999555.8209357,-82,gr1,12
1761999555.8439014,-92,gr1,12
1761999555.8887472,-83,gr1,12
1761999555.9105027,-93,gr1,12
1761999555.9323077,-79,gr1,12
1761999555.9994297,-79,gr1,12
1761999556.0715718,-91,gr1,12
1761999556.0915318,-84,gr1,12
1761999556.1568675,-83,gr1,12
1761999556.1979818,-83,gr1,12
1761999556.2201843,-93,gr1,12
1761999556.2413337,-79,gr1,12
1761999556.2631881,-83,gr1,12
1761999556.309447,-79,gr1,12
1761999556.3926659,-69,gr1,12
1761999556.3988454,-82,gr1,12
1761999556.4184387,-90,gr1,12
1761999556.440253,-79,gr1,12
1761999556.461281,-81,gr1,12
1761999556.529795,-82,gr1,12
1761999556.6206036,-79,gr1,12
1761999556.639711,-70,gr1,12
1761999556.6787155,-79,gr1,12
1761999556.7035546,-82,gr1,12
1761999556.7432635,-79,gr1,12
1761999556.763486,-82,gr1,12
1761999556.829525,-89,gr1,12
1761999556.870201,-84,gr1,12
1761999556.9166708,-79,gr1,12
1761999556.968848,-68,gr1,12
1761999557.007275,-84,gr1,12
1761999557.0341187,-75,gr1,12
1761999557.0514357,-79,gr1,12
1761999557.0862522,-68,gr1,12
1761999557.107341,-90,gr1,12
1761999557.153028,-68,gr1,12
1761999557.187804,-79,gr1,12
1761999557.2088928,-83,gr1,12
1761999557.2444305,-78,gr1,12
1761999557.2485855,-78,gr1,12
1761999557.2876236,-79,gr1,12
1761999557.3129675,-83,gr1,12
1761999557.3550415,-79,gr1,12
1761999557.4191005,-79,gr1,12
1761999557.4410381,-82,gr1,12
1761999557.5712287,-79,gr1,12
1761999557.5911372,-79,gr1,12
1761999557.6146624,-83,gr1,12
1761999557.6528432,-79,gr1,12
1761999557.6776462,-84,gr1,12
1761999557.7574325,-91,gr1,12
1761999557.7629576,-80,gr1,12
1761999557.7851868,-84,gr1,12
1761999557.824544,-96,gr1,12
1761999557.8492813,-83,gr1,12
1761999557.8778877,-80,gr1,12
1761999557.9046843,-65,gr1,12
1761999557.9128385,-83,gr1,12
1761999557.9814985,-83,gr1,12
1761999558.0477517,-83,gr1,12
1761999558.0878906,-83,gr1,12
1761999558.1370573,-69,gr1,12
1761999558.147711,-84,gr1,12
1761999558.1902394,-83,gr1,12
1761999558.214757,-90,gr1,12
1761999558.2386124,-91,gr1,12
1761999558.2606552,-78,gr1,12
1761999558.287792,-71,gr1,12
1761999558.36228,-83,gr1,12
1761999558.3762171,-90,gr1,12
1761999558.398476,-69,gr1,12
1761999558.4303381,-69,gr1,12
1761999558.4413502,-69,gr1,12
1761999558.4586642,-84,gr1,12
1761999558.5025766,-80,gr1,12
1761999558.555702,-77,gr1,12
1761999558.5899754,-83,gr1,12
1761999558.632284,-75,gr1,12
1761999558.6601822,-83,gr1,12
1761999558.7214172,-83,gr1,12
1761999558.8054357,-78,gr1,12
1761999558.8273997,-82,gr1,12
1761999558.8501773,-90,gr1,12
1761999558.869212,-79,gr1,12
1761999558.898244,-82,gr1,12
1761999558.921324,-91,gr1,12
1761999558.9682758,-89,gr1,12
1761999558.978456,-78,gr1,12
1761999559.0027082,-79,gr1,12
1761999559.0330358,-83,gr1,12
1761999559.0678642,-83,gr1,12
1761999559.1743255,-79,gr1,12
1761999559.2599032,-91,gr1,12
1761999559.2932959,-93,gr1,12
1761999559.309336,-81,gr1,12
1761999559.331681,-82,gr1,12
1761999559.3979554,-83,gr1,12
1761999559.480863,-79,gr1,12
1761999559.505929,-82,gr1,12
1761999559.5252056,-89,gr1,12
1761999559.5705295,-82,gr1,12
1761999559.59512,-92,gr1,12
1761999559.6139297,-78,gr1,12
1761999559.6367645,-82,gr1,12
1761999559.6613567,-91,gr1,12
1761999559.683999,-79,gr1,12
1761999559.7492871,-78,gr1,12
1761999559.7755094,-83,gr1,12
1761999559.7950425,-89,gr1,12
1761999559.814419,-78,gr1,12
1761999559.8359659,-82,gr1,12
1761999559.854484,-79,gr1,12
1761999559.8773618,-83,gr1,12
1761999559.9219108,-79,gr1,12
1761999559.9429653,-82,gr1,12
1761999559.970335,-76,gr1,12
1761999559.984404,-79,gr1,12
1761999560.009339,-83,gr1,12
1761999560.0530386,-79,gr1,12
1761999560.0747042,-82,gr1,12
1761999560.1142712,-83,gr1,12
1761999560.158255,-79,gr1,12
1761999560.180561,-82,gr1,12
1761999560.2001061,-90,gr1,12
1761999560.2194126,-78,gr1,12
1761999560.2404988,-82,gr1,12
1761999560.2728477,-78,gr1,12
1761999560.285546,-78,gr1,12
1761999560.3092358,-82,gr1,12
1761999560.3317373,-90,gr1,12
1761999560.358498,-78,gr1,12
1761999560.3985338,-90,gr1,12
1761999560.4388285,-92,gr1,12
1761999560.4710162,-78,gr1,12
1761999560.507297,-93,gr1,12
1761999560.5665848,-92,gr1,12
1761999560.61178,-93,gr1,12
1761999560.6306534,-79,gr1,12
1761999560.6535523,-83,gr1,12
1761999560.699543,-79,gr1,12
1761999560.7451878,-97,gr1,12
1761999560.7670193,-79,gr1,12
1761999560.7885132,-84,gr1,12
1761999560.8101654,-93,gr1,12
1761999560.8333344,-79,gr1,12
1761999560.8745015,-94,gr1,12
1761999560.893228,-79,gr1,12
1761999560.9139106,-95,gr1,12
1761999560.957759,-82,gr1,12
1761999560.980991,-94,gr1,12
1761999561.0016077,-78,gr1,12
1761999561.0249238,-82,gr1,12
1761999561.0491703,-92,gr1,12
1761999561.066975,-78,gr1,12
1761999561.1209228,-91,gr1,12
1761999561.133224,-78,gr1,12
1761999561.1567972,-83,gr1,12
1761999561.2020037,-78,gr1,12
1761999561.269447,-78,gr1,12
1761999561.2939649,-84,gr1,12
1761999561.3359363,-78,gr1,12
1761999561.4191127,-78,gr1,12
1761999561.4285748,-82,gr1,12
1761999561.4671154,-79,gr1,12
1761999561.4950776,-93,gr1,12
1761999561.5374048,-79,gr1,12
1761999561.5601099,-83,gr1,12
1761999561.6101725,-92,gr1,12
1761999561.6502178,-91,gr1,12
1761999561.6691222,-78,gr1,12
1761999561.6940722,-82,gr1,12
1761999561.7803433,-78,gr1,12
1761999561.8012848,-83,gr1,12
1761999561.8232327,-93,gr1,12
1761999561.8407452,-78,gr1,12
1761999561.8653023,-82,gr1,12
1761999561.9080853,-79,gr1,12
1761999561.9730525,-78,gr1,12
1761999561.996699,-83,gr1,12
1761999562.0441275,-78,gr1,12
1761999562.067801,-83,gr1,12
1761999562.0874248,-93,gr1,12
1761999562.1117501,-78,gr1,12
1761999562.132842,-83,gr1,12
1761999562.1690898,-95,gr1,12
1761999562.1850429,-79,gr1,12
1761999562.2023966,-82,gr1,12
1761999562.2662888,-94,gr1,12
1761999562.2924986,-79,gr1,12
1761999562.3059056,-83,gr1,12
1761999562.3480968,-92,gr1,12
1761999562.3746603,-83,gr1,12
1761999562.4170756,-79,gr1,12
1761999562.4614794,-91,gr1,12
1761999562.485884,-79,gr1,12
1761999562.5094073,-83,gr1,12
1761999562.5557406,-78,gr1,12
1761999562.5766196,-83,gr1,12
1761999562.6147332,-78,gr1,12
1761999562.682159,-78,gr1,12
1761999562.7023892,-90,gr1,12
1761999562.7218864,-78,gr1,12
1761999562.7441964,-84,gr1,12
1761999562.7638261,-90,gr1,12
1761999562.8096552,-84,gr1,12
1761999562.8300772,-91,gr1,12
1761999562.874191,-83,gr1,12
1761999562.915456,-83,gr1,12
1761999562.9408138,-80,gr1,12
1761999562.9569075,-79,gr1,12
1761999563.0011947,-91,gr1,12
1761999563.021563,-79,gr1,12
1761999563.0459373,-83,gr1,12
1761999563.090304,-78,gr1,12
1761999563.1363354,-90,gr1,12
1761999563.1567557,-78,gr1,12
1761999563.1780686,-83,gr1,12
1761999563.2001154,-94,gr1,12
1761999563.2867274,-83,gr1,12
1761999563.3098886,-90,gr1,12
1761999563.3519723,-83,gr1,12
1761999563.3723261,-92,gr1,12
1761999563.3949223,-78,gr1,12
1761999563.4157548,-83,gr1,12
1761999563.4835932,-82,gr1,12
1761999563.5041652,-90,gr1,12
1761999563.5635753,-78,gr1,12
1761999563.5851595,-82,gr1,12
1761999563.6272361,-79,gr1,12
1761999563.6625097,-90,gr1,12
1761999563.6913536,-81,gr1,12
1761999563.7231593,-89,gr1,12
1761999563.7592468,-82,gr1,12
1761999563.8009465,-78,gr1,12
1761999563.8246481,-81,gr1,12
1761999563.8636277,-78,gr1,12
1761999563.9271634,-81,gr1,12
1761999563.953613,-89,gr1,12
1761999563.9709857,-78,gr1,12
1761999563.9947479,-82,gr1,12
1761999564.032647,-90,gr1,12
1761999564.0410001,-79,gr1,12
1761999564.1034622,-78,gr1,12
1761999564.1292775,-82,gr1,12
1761999564.1851664,-78,gr1,12
1761999564.2360697,-80,gr1,12
1761999564.2997527,-83,gr1,12
1761999564.3423703,-79,gr1,12
1761999564.36651,-82,gr1,12
1761999564.389815,-89,gr1,12
1761999564.4145672,-78,gr1,12
1761999564.4339604,-82,gr1,12
1761999564.4778118,-78,gr1,12
1761999564.4947262,-82,gr1,12
1761999564.5184984,-90,gr1,12
1761999564.541111,-77,gr1,12
1761999564.5624123,-82,gr1,12
1761999564.5821126,-78,gr1,12
1761999564.629588,-82,gr1,12
1761999564.6762044,-78,gr1,12
1761999564.6972022,-82,gr1,12
1761999564.720615,-92,gr1,12
1761999564.742454,-78,gr1,12
1761999564.7660868,-82,gr1,12
1761999564.811134,-78,gr1,12
1761999564.8333962,-82,gr1,12
1761999564.854722,-92,gr1,12
1761999564.89331,-64,gr1,12
1761999564.8996997,-83,gr1,12
1761999564.9411283,-82,gr1,12
1761999564.9685621,-91,gr1,12
1761999564.9865086,-78,gr1,12
1761999565.0069363,-83,gr1,12
1761999565.0539682,-79,gr1,12
1761999565.067836,-84,gr1,12
1761999565.1027606,-90,gr1,12
1761999565.1149433,-79,gr1,12
1761999565.1410692,-83,gr1,12
1761999565.163166,-90,gr1,12
1761999565.187645,-78,gr1,12
1761999565.2089822,-82,gr1,12
1761999565.2484767,-78,gr1,12
1761999565.342919,-83,gr1,12
1761999565.367306,-91,gr1,12
1761999565.3863144,-78,gr1,12
1761999565.4077249,-83,gr1,12
1761999565.4511998,-78,gr1,12
1761999565.474751,-83,gr1,12
1761999565.5147429,-82,gr1,12
1761999565.5561595,-78,gr1,12
1761999565.6475523,-83,gr1,12
1761999565.717203,-84,gr1,12
1761999565.7594712,-79,gr1,12
1761999565.8058293,-91,gr1,12
1761999565.8215063,-79,gr1,12
1761999565.8471055,-82,gr1,12
1761999565.911144,-82,gr1,12
1761999565.9345345,-92,gr1,12
1761999565.9587338,-77,gr1,12
1761999566.0624766,-77,gr1,12
1761999566.083598,-82,gr1,12
1761999566.1443431,-90,gr1,12
1761999566.1637504,-77,gr1,12
1761999566.1905096,-83,gr1,12
1761999566.2082736,-91,gr1,12
1761999566.2552025,-83,gr1,12
1761999566.29842,-78,gr1,12
1761999566.3218486,-84,gr1,12
1761999566.3613439,-76,gr1,12
1761999566.3869433,-83,gr1,12
1761999566.4095144,-92,gr1,12
1761999566.430207,-78,gr1,12
1761999566.4758875,-92,gr1,12
1761999566.520861,-83,gr1,12
1761999566.5990417,-91,gr1,12
1761999566.654335,-79,gr1,12
1761999566.668542,-78,gr1,12
1761999566.6922212,-83,gr1,12
1761999566.7187002,-83,gr1,12
1761999566.7348135,-77,gr1,12
1761999566.769127,-71,gr1,12
1761999566.8038259,-78,gr1,12
1761999566.8361087,-71,gr1,12
1761999566.9360547,-78,gr1,12
1761999566.9765267,-78,gr1,12
1761999566.9974651,-83,gr1,12
1761999567.0280418,-76,gr1,12
1761999567.0429273,-78,gr1,12
1761999567.0645254,-83,gr1,12
1761999567.0942454,-91,gr1,12
1761999567.1242046,-91,gr1,12
1761999567.163806,-68,gr1,12
1761999567.1679065,-83,gr1,12
1761999567.2051902,-78,gr1,12
1761999567.2533567,-90,gr1,12
1761999567.2740374,-78,gr1,12
1761999567.3351219,-83,gr1,12
1761999567.3765352,-78,gr1,12
1761999567.4000535,-82,gr1,12
1761999567.4838345,-70,gr1,12
1761999567.5127609,-78,gr1,12
1761999567.533997,-84,gr1,12
1761999567.5812044,-78,gr1,12
1761999567.623142,-90,gr1,12
1761999567.667191,-83,gr1,12
1761999567.6864686,-79,gr1,12
1761999567.7378285,-71,gr1,12
1761999567.78748,-68,gr1,12
1761999567.8045976,-67,gr1,12
1761999567.8489451,-79,gr1,12
1761999567.8646889,-92,gr1,12
1761999567.8899775,-78,gr1,12
1761999567.9185715,-72,gr1,12
1761999567.9500158,-78,gr1,12
1761999568.0612054,-67,gr1,12
1761999568.0763166,-83,gr1,12
1761999568.0962677,-89,gr1,12
1761999568.121414,-68,gr1,12
1761999568.176068,-78,gr1,12
1761999568.1896102,-78,gr1,12
1761999568.2306924,-92,gr1,12
1761999568.2971487,-90,gr1,12
1761999568.3249927,-69,gr1,12
1761999568.407015,-91,gr1,12
1761999568.4302514,-78,gr1,12
1761999568.477636,-83,gr1,12
1761999568.5641253,-78,gr1,12
1761999568.585117,-83,gr1,12
1761999568.6052158,-90,gr1,12
1761999568.6241024,-78,gr1,12
1761999568.6570241,-67,gr1,12
1761999568.6698081,-91,gr1,12
1761999568.6903143,-78,gr1,12
1761999568.7165432,-83,gr1,12
1761999568.7492197,-89,gr1,12
1761999568.762037,-78,gr1,12
1761999568.7876348,-83,gr1,12
1761999568.8511088,-83,gr1,12
1761999568.930232,-93,gr1,12
1761999568.9358504,-79,gr1,12
1761999568.9551628,-82,gr1,12
1761999568.9863527,-76,gr1,12
1761999568.9998453,-79,gr1,12
1761999569.0209587,-83,gr1,12
1761999569.0395138,-91,gr1,12
1761999569.0853124,-83,gr1,12
1761999569.1264646,-83,gr1,12
1761999569.1639876,-90,gr1,12
1761999569.1707222,-79,gr1,12
1761999569.1956148,-83,gr1,12
1761999569.2175517,-91,gr1,12
1761999569.2599025,-82,gr1,12
1761999569.3033867,-78,gr1,12
1761999569.3280199,-83,gr1,12
1761999569.354201,-91,gr1,12
1761999569.3716516,-78,gr1,12
1761999569.3926992,-83,gr1,12
1761999569.4161403,-93,gr1,12
1761999569.437949,-79,gr1,12
1761999569.463509,-83,gr1,12
1761999569.5477712,-92,gr1,12
1761999569.5680685,-79,gr1,12
1761999569.5884721,-95,gr1,12
1761999569.612018,-79,gr1,12
1761999569.6357224,-79,gr1,12
1761999569.6616135,-82,gr1,12
1761999569.6912186,-91,gr1,12
1761999569.703879,-80,gr1,12
1761999569.72756,-84,gr1,12
1761999569.7514818,-90,gr1,12
1761999569.7935724,-83,gr1,12
1761999569.861995,-83,gr1,12
1761999569.884826,-89,gr1,12
1761999569.9053762,-78,gr1,12
1761999569.9277472,-86,gr1,12
1761999569.9733443,-79,gr1,12
1761999569.9994354,-83,gr1,12
1761999570.0235686,-90,gr1,12
1761999570.0701427,-83,gr1,12
1761999570.1569483,-91,gr1,12
1761999570.1791706,-79,gr1,12
1761999570.2102718,-72,gr1,12
1761999570.2174811,-79,gr1,12
1761999570.2815976,-80,gr1,12
1761999570.3013728,-83,gr1,12
1761999570.3223054,-90,gr1,12
1761999570.3635068,-91,gr1,12
1761999570.3834693,-79,gr1,12
1761999570.4040089,-84,gr1,12
1761999570.434419,-90,gr1,12
1761999570.4690452,-82,gr1,12
1761999570.490722,-90,gr1,12
1761999570.5381978,-82,gr1,12
1761999570.5820467,-90,gr1,12
1761999570.5851917,-78,gr1,12
1761999570.607048,-83,gr1,12
1761999570.6517282,-79,gr1,12
1761999570.6765435,-82,gr1,12
1761999570.6962047,-92,gr1,12
1761999570.724636,-68,gr1,12
1761999570.7396045,-82,gr1,12
1761999570.7580233,-79,gr1,12
1761999570.8058062,-82,gr1,12
1761999570.8483918,-82,gr1,12
1761999570.8728292,-82,gr1,12
1761999570.891716,-79,gr1,12
1761999570.937318,-92,gr1,12
1761999570.95927,-79,gr1,12
1761999570.9827926,-82,gr1,12
1761999571.0266702,-79,gr1,12
1761999571.0478072,-81,gr1,12
1761999571.0864565,-94,gr1,12
1761999571.1154394,-82,gr1,12
1761999571.1631596,-79,gr1,12
1761999571.2067168,-93,gr1,12
1761999571.2608342,-81,gr1,12
1761999571.2865944,-82,gr1,12
1761999571.349527,-82,gr1,12
1761999571.3905313,-79,gr1,12
1761999571.456102,-83,gr1,12
1761999571.533016,-83,gr1,12
1761999571.549429,-93,gr1,12
1761999571.5620964,-78,gr1,12
1761999571.586602,-82,gr1,12
1761999571.6292126,-79,gr1,12
1761999571.664261,-83,gr1,12
1761999571.7032773,-79,gr1,12
1761999571.7228858,-82,gr1,12
1761999571.8355975,-78,gr1,12
1761999571.856647,-81,gr1,12
1761999571.8968477,-77,gr1,12
1761999571.960259,-83,gr1,12
1761999571.9924335,-98,gr1,12
1761999572.0030406,-77,gr1,12
1761999572.023176,-84,gr1,12
1761999572.0650506,-84,gr1,12
1761999572.1027856,-78,gr1,12
1761999572.1280944,-84,gr1,12
1761999572.1718209,-78,gr1,12
1761999572.1941657,-84,gr1,12
1761999572.2174525,-89,gr1,12
1761999572.310267,-78,gr1,12
1761999572.333143,-84,gr1,12
1761999572.358532,-84,gr1,12
1761999572.427325,-84,gr1,12
1761999572.4905918,-96,gr1,12
1761999572.5084262,-78,gr1,12
1761999572.5292053,-83,gr1,12
1761999572.552651,-96,gr1,12
1761999572.5721962,-77,gr1,12
1761999572.5946424,-82,gr1,12
1761999572.663895,-83,gr1,12
1761999572.6805956,-76,gr1,12
1761999572.7043765,-82,gr1,12
1761999572.7692893,-83,gr1,12
1761999572.8565335,-91,gr1,12
1761999572.898083,-84,gr1,12
1761999572.9698005,-68,gr1,12
1761999573.0106432,-79,gr1,12
1761999573.031243,-91,gr1,12
1761999573.0506508,-79,gr1,12
1761999573.0759192,-70,gr1,12
1761999573.093851,-90,gr1,12
1761999573.1395476,-83,gr1,12
1761999573.1623435,-88,gr1,12
1761999573.184997,-77,gr1,12
1761999573.2102504,-83,gr1,12
1761999573.2715876,-84,gr1,12
1761999573.2923965,-91,gr1,12
1761999573.3837838,-78,gr1,12
1761999573.4012635,-90,gr1,12
1761999573.4442527,-84,gr1,12
1761999573.5531943,-79,gr1,12
1761999573.5759747,-84,gr1,12
1761999573.6156833,-85,gr1,12
1761999573.6595054,-79,gr1,12
1761999573.7053635,-91,gr1,12
1761999573.7284987,-79,gr1,12
1761999573.750596,-84,gr1,12
1761999573.795332,-78,gr1,12
1761999573.8177538,-84,gr1,12
1761999573.8367493,-94,gr1,12
1761999573.859163,-78,gr1,12
1761999573.8802087,-83,gr1,12
1761999573.9471848,-83,gr1,12
1761999574.0104556,-92,gr1,12
1761999574.040903,-79,gr1,12
1761999574.0521784,-83,gr1,12
1761999574.0966585,-78,gr1,12
1761999574.12068,-84,gr1,12
1761999574.1634128,-79,gr1,12
1761999574.1880953,-83,gr1,12
1761999574.230457,-78,gr1,12
1761999574.253179,-84,gr1,12
1761999574.2765489,-91,gr1,12
1761999574.3004367,-79,gr1,12
1761999574.3231688,-83,gr1,12
1761999574.3648443,-79,gr1,12
1761999574.4313374,-92,gr1,12
1761999574.4351723,-78,gr1,12
1761999574.459935,-83,gr1,12
1761999574.4826434,-92,gr1,12
1761999574.5108962,-67,gr1,12
1761999574.526921,-84,gr1,12
1761999574.5519063,-82,gr1,12
1761999574.6606379,-83,gr1,12
1761999574.7100112,-67,gr1,12
1761999574.7294352,-83,gr1,12
1761999574.7529407,-90,gr1,12
1761999574.774835,-78,gr1,12
1761999574.839351,-79,gr1,12
1761999574.8792126,-90,gr1,12
1761999574.910882,-79,gr1,12
1761999574.9467442,-89,gr1,12
1761999574.9685848,-79,gr1,12
1761999574.989074,-91,gr1,12
1761999575.0145726,-91,gr1,12
1761999575.0561392,-92,gr1,12
1761999575.0938015,-91,gr1,12
1761999575.1044495,-78,gr1,12
1761999575.1307034,-83,gr1,12
1761999575.1543412,-91,gr1,12
1761999575.1946156,-83,gr1,12
1761999575.213254,-78,gr1,12
1761999575.2342138,-83,gr1,12
1761999575.2538803,-91,gr1,12
1761999575.2761192,-78,gr1,12
1761999575.3004603,-83,gr1,12
1761999575.3939495,-90,gr1,12
1761999575.4110017,-78,gr1,12
1761999575.433421,-83,gr1,12
1761999575.4952853,-91,gr1,12
1761999575.5159283,-79,gr1,12
1761999575.5370293,-83,gr1,12
1761999575.6036084,-83,gr1,12
1761999575.6255958,-95,gr1,12
1761999575.6468334,-78,gr1,12
1761999575.6658363,-83,gr1,12
1761999575.6892183,-91,gr1,12
1761999575.7291934,-95,gr1,12
1761999575.7530086,-78,gr1,12
1761999575.7937372,-90,gr1,12
1761999575.8393154,-78,gr1,12
1761999575.8730319,-90,gr1,12
1761999575.904634,-83,gr1,12
1761999575.9496398,-78,gr1,12
1761999575.9751298,-83,gr1,12
1761999576.0197427,-77,gr1,12
1761999576.0421414,-83,gr1,12
1761999576.0992866,-78,gr1,12
1761999576.1482453,-84,gr1,12
1761999576.1722164,-84,gr1,12
1761999576.1910222,-78,gr1,12
1761999576.2347815,-91,gr1,12
1761999576.2548926,-78,gr1,12
1761999576.2812006,-83,gr1,12
1761999576.3046582,-91,gr1,12
1761999576.3244421,-78,gr1,12
1761999576.3869472,-79,gr1,12
1761999576.431793,-92,gr1,12
1761999576.451325,-83,gr1,12
1761999576.5150902,-82,gr1,12
1761999576.5347,-90,gr1,12
1761999576.5966365,-78,gr1,12
1761999576.6171787,-82,gr1,12
1761999576.636923,-89,gr1,12
1761999576.6798532,-83,gr1,12
1761999576.7498574,-83,gr1,12
1761999576.8221533,-70,gr1,12
1761999576.8492758,-81,gr1,12
1761999576.8618371,-78,gr1,12
1761999576.8822415,-83,gr1,12
1761999576.9064798,-91,gr1,12
1761999576.9700863,-79,gr1,12
1761999576.994415,-70,gr1,12
1761999577.058178,-83,gr1,12
1761999577.0833006,-80,gr1,12
1761999577.0969987,-77,gr1,12
1761999577.1230626,-70,gr1,12
1761999577.1912417,-70,gr1,12
1761999577.198619,-77,gr1,12
1761999577.2289443,-70,gr1,12
1761999577.272094,-63,gr1,12
1761999577.306207,-77,gr1,12
1761999577.354004,-84,gr1,12
1761999577.4210405,-84,gr1,12
1761999577.4611359,-84,gr1,12
1761999577.4999945,-78,gr1,12
1761999577.53341,-68,gr1,12
1761999577.5867481,-93,gr1,12
1761999577.606517,-78,gr1,12
1761999577.640919,-71,gr1,12
1761999577.674677,-63,gr1,12
1761999577.6958046,-82,gr1,12
1761999577.721995,-75,gr1,12
1761999577.7371063,-77,gr1,12
1761999577.7744062,-71,gr1,12
1761999577.7827938,-91,gr1,12
1761999577.8224401,-91,gr1,12
1761999577.8893797,-87,gr1,12
1761999577.9087062,-78,gr1,12
1761999577.929863,-83,gr1,12
1761999577.9572594,-90,gr1,12
1761999578.0014048,-84,gr1,12
1761999578.0481472,-68,gr1,12
1761999578.0677853,-84,gr1,12
1761999578.0899677,-91,gr1,12
1761999578.1133904,-79,gr1,12
1761999578.135037,-83,gr1,12
1761999578.1759615,-78,gr1,12
1761999578.1969564,-83,gr1,12
1761999578.2207367,-91,gr1,12
1761999578.2813783,-78,gr1,12
1761999578.3279374,-90,gr1,12
1761999578.3449316,-78,gr1,12
1761999578.372687,-68,gr1,12
1761999578.384984,-78,gr1,12
1761999578.4068356,-84,gr1,12
1761999578.4281528,-92,gr1,12
1761999578.4487052,-78,gr1,12
1761999578.4698656,-83,gr1,12
1761999578.4907055,-91,gr1,12
1761999578.5137699,-78,gr1,12
1761999578.5408547,-84,gr1,12
1761999578.5619526,-91,gr1,12
1761999578.622712,-67,gr1,12
1761999578.6415386,-83,gr1,12
1761999578.7237163,-68,gr1,12
1761999578.7414753,-85,gr1,12
1761999578.8251727,-71,gr1,12
1761999578.850154,-79,gr1,12
1761999578.8895915,-90,gr1,12
1761999578.913514,-83,gr1,12
1761999578.9551668,-77,gr1,12
1761999578.9781792,-83,gr1,12
1761999579.0596275,-78,gr1,12
1761999579.078752,-83,gr1,12
1761999579.139508,-89,gr1,12
1761999579.1627197,-77,gr1,12
1761999579.1837757,-84,gr1,12
1761999579.2082305,-91,gr1,12
1761999579.2264009,-78,gr1,12
1761999579.2521226,-83,gr1,12
1761999579.27572,-90,gr1,12
1761999579.2950988,-78,gr1,12
1761999579.3167408,-85,gr1,12
1761999579.3568995,-78,gr1,12
1761999579.3766546,-90,gr1,12
1761999579.425262,-78,gr1,12
1761999579.44745,-83,gr1,12
1761999579.5061822,-78,gr1,12
1761999579.5171885,-84,gr1,12
1761999579.5780585,-90,gr1,12
1761999579.6189268,-78,gr1,12
1761999579.6709309,-78,gr1,12
1761999579.7329671,-77,gr1,12
1761999579.7558055,-82,gr1,12
1761999579.7975833,-77,gr1,12
1761999579.8224802,-82,gr1,12
1761999579.8860948,-84,gr1,12
1761999579.9368176,-78,gr1,12
1761999579.9567602,-84,gr1,12
1761999580.0001311,-78,gr1,12
1761999580.0918002,-91,gr1,12
1761999580.1051722,-78,gr1,12
1761999580.1324933,-83,gr1,12
1761999580.1464689,-91,gr1,12
1761999580.190029,-84,gr1,12
1761999580.2089396,-78,gr1,12
1761999580.2309773,-83,gr1,12
1761999580.2532096,-90,gr1,12
1761999580.295046,-83,gr1,12
1761999580.3184538,-90,gr1,12
1761999580.3413653,-79,gr1,12
1761999580.3863845,-90,gr1,12
1761999580.4263456,-84,gr1,12
1761999580.4931877,-83,gr1,12
1761999580.6030977,-83,gr1,12
1761999580.6258662,-90,gr1,12
1761999580.6489022,-77,gr1,12
1761999580.670375,-83,gr1,12
1761999580.706204,-89,gr1,12
1761999580.7144778,-77,gr1,12
1761999580.7353806,-83,gr1,12
1761999580.768248,-89,gr1,12
1761999580.8309636,-83,gr1,12
1761999580.8727865,-83,gr1,12
1761999580.911644,-78,gr1,12
1761999580.9376583,-84,gr1,12
1761999580.9770377,-78,gr1,12
1761999581.0000882,-83,gr1,12
1761999581.0520866,-78,gr1,12
1761999581.0860167,-78,gr1,12
1761999581.14551,-83,gr1,12
1761999581.2526858,-77,gr1,12
1761999581.269618,-82,gr1,12
1761999581.2884092,-77,gr1,12
1761999581.3095407,-82,gr1,12
1761999581.3315866,-90,gr1,12
1761999581.3491561,-77,gr1,12
1761999581.412789,-82,gr1,12
1761999581.4359608,-90,gr1,12
1761999581.4801834,-82,gr1,12
1761999581.5196393,-78,gr1,12
1761999581.545079,-82,gr1,12
1761999581.564492,-90,gr1,12
1761999581.5862515,-77,gr1,12
1761999581.6074636,-82,gr1,12
1761999581.62673,-78,gr1,12
1761999581.6478512,-83,gr1,12
1761999581.6885023,-78,gr1,12
1761999581.7102215,-83,gr1,12
1761999581.7528765,-78,gr1,12
1761999581.8419712,-89,gr1,12
1761999581.8630025,-77,gr1,12
1761999581.907787,-89,gr1,12
1761999581.9400275,-77,gr1,12
1761999581.9529037,-83,gr1,12
1761999581.971984,-88,gr1,12
1761999582.0378551,-89,gr1,12
1761999582.0920327,-84,gr1,12
1761999582.110223,-89,gr1,12
1761999582.1324108,-78,gr1,12
1761999582.149015,-83,gr1,12
1761999582.1970012,-77,gr1,12
1761999582.2191646,-83,gr1,12
1761999582.2629993,-89,gr1,12
1761999582.2672427,-77,gr1,12
1761999582.290806,-85,gr1,12
1761999582.310029,-88,gr1,12
1761999582.3503268,-83,gr1,12
1761999582.374051,-90,gr1,12
1761999582.4347296,-84,gr1,12
1761999582.4657881,-78,gr1,12
1761999582.4823687,-89,gr1,12
1761999582.5498931,-89,gr1,12
1761999582.5946379,-83,gr1,12
1761999582.635108,-77,gr1,12
1761999582.6546025,-83,gr1,12
1761999582.6731014,-77,gr1,12
1761999582.6951292,-83,gr1,12
1761999582.7159557,-87,gr1,12
1761999582.7378166,-77,gr1,12
1761999582.76268,-83,gr1,12
1761999582.8288407,-83,gr1,12
1761999582.8959384,-84,gr1,12
1761999582.9152088,-92,gr1,12
1761999582.9393108,-77,gr1,12
1761999582.9613636,-83,gr1,12
1761999583.0204322,-63,gr1,12
1761999583.0263019,-84,gr1,12
1761999583.1490428,-78,gr1,12
1761999583.16138,-83,gr1,12
1761999583.1940703,-90,gr1,12
1761999583.209602,-67,gr1,12
1761999583.2304845,-83,gr1,12
1761999583.2734067,-77,gr1,12
1761999583.2955883,-84,gr1,12
1761999583.3246489,-90,gr1,12
1761999583.3388531,-77,gr1,12
1761999583.361608,-83,gr1,12
